motion_matrix_00	motion_matrix_01	motion_matrix_02	motion_matrix_10	motion_matrix_11	motion_matrix_12	motion_matrix_20	motion_matrix_21	motion_matrix_22	motion_offset_x	motion_offset_y	motion_offset_z	framewise_displacement	csf	white_matter
0.9999372363090516	-0.0058939345180988	0.009530478157103	0.0058327801525592	0.999962329864502	0.0064318450167775	-0.0095680272206664	-0.0063758515752851	0.999933898448944	0.2904299689925782	-0.0632940787937403	-0.5840751928747956	n/a	1994.1045	1612.5793
0.9999459981918336	-0.0050370492972433	0.0090884435921907	0.0049744867719709	0.999963879585266	0.0068932236172258	-0.0091228373348712	-0.0068476414307951	0.99993497133255	0.2390155651450527	-0.0566252886263445	-0.5953136457835235	0.1021990478038787	2002.6785	1613.1697
0.999948799610138	-0.0052944929338991	0.0086274063214659	0.0052394769154489	0.9999659061431884	0.0063870721496641	-0.0086609283462166	-0.0063415421172976	0.999942421913147	0.2726481565560767	-0.0281664175968106	-0.544188789226066	0.08578622341156	1999.502	1612.6389
0.9999398589134216	-0.005354746710509	0.0095650646835565	0.0052934177219867	0.9999653100967408	0.0064256121404469	-0.0095991417765617	-0.0063745947554707	0.9999336004257202	0.1799952062301439	-0.1401464736185067	-0.4644057144533491	0.265329897403717	2015.2104	1615.534
0.9999417662620544	-0.0043947519734501	0.0098538920283317	0.004334520548582	0.999971866607666	0.0061254543252289	-0.0098805343732237	-0.0060823857784271	0.9999327063560486	-0.0262534959230045	-0.0474107919389075	-0.3817673761500053	0.3722884654998779	2034.6287	1618.353
0.9999293088912964	-0.0042964881286025	0.0110864974558353	0.0042309812270104	0.999973475933075	0.0059253703802824	-0.0111116617918014	-0.005878044757992	0.9999209642410278	-0.0188560085534312	-0.0228153309115275	-0.4961806303844156	0.1659841686487198	2035.7996	1617.4897
0.9999610185623168	-0.0029278190340846	0.0083264047279953	0.0028882795013487	0.9999845027923584	0.0047567514702677	-0.0083402022719383	-0.0047325175255537	0.9999539852142334	0.073023246017378	-0.1242253837547884	-0.2776613091576543	0.3860283493995666	2057.3672	1620.0009
0.9999772310256958	-0.0028698949608951	0.0061134109273552	0.0028547625988721	0.999992847442627	0.0024825241416692	-0.00612049177289	-0.0024650152772665	0.999978244304657	0.0510437443066003	0.0433671967463045	-0.2266327500588154	0.2516611814498901	2073.986	1619.4276
0.9999828338623048	-0.0028188279829919	0.0051342863589525	0.0028081049676984	0.999993860721588	0.0020945228170603	-0.0051401588134467	-0.0020800693891942	0.999984622001648	0.1080578812801853	-0.0592022345028282	-0.1642103355817781	0.2019308060407638	2071.7063	1617.0795
0.999970555305481	-0.0040320293046534	0.0065304809249937	0.0040116487070918	0.9999870657920836	0.0031310121994465	-0.0065430202521383	-0.0031047218944877	0.9999737739562988	0.1457951106069757	-0.0294384247245509	-0.4001205860411332	0.3506486713886261	2053.8682	1614.1609
0.9999697804450988	-0.003706406801939	0.0068390043452382	0.0036797437351197	0.9999856352806092	0.0039071347564458	-0.0068533872254192	-0.0038818509783595	0.9999690055847168	0.1459222409188374	-0.0350168218804451	-0.3375059725183682	0.0915453881025314	2075.657	1619.8181
0.9999781847000122	-0.002568716648966	0.0060899648815393	0.0025444300845265	0.9999887943267822	0.0039923819713294	-0.0061001516878604	-0.0039767990820109	0.999973475933075	0.1308398690630063	-0.080941275963962	-0.5661923610136057	0.3040037155151367	2040.64	1612.4977
0.9999780654907228	-0.0025109236594289	0.0061329551972448	0.0024882282596081	0.9999900460243224	0.0037054028362035	-0.0061421981081366	-0.0036900613922625	0.9999743700027466	0.1095032404128453	0.0117311232263528	-0.4558500672382024	0.2171829342842102	2055.3977	1619.386
0.9999833703041076	-0.0020148647017776	0.0054043759591877	0.0019984124228358	0.99999338388443	0.0030479151755571	-0.0054104817099869	-0.0030370641034096	0.9999807476997375	0.0662723246584242	-0.0465004276961851	-0.2582981174034522	0.3276106119155884	2061.7776	1618.5222
0.9999869465827942	-0.0017882506363093	0.0047802189365029	0.0017776077147573	0.9999959468841552	0.0022297599352896	-0.0047841873019933	-0.0022212334442883	0.9999861121177672	0.1192137041575254	0.0338193236509312	-0.3147050834186515	0.1561513096094131	2024.4579	1615.1019
0.9999879002571106	-0.0021228573750704	0.0044272602535784	0.0021138878073543	0.9999957084655762	0.0020296070724725	-0.0044315503910183	-0.0020202239975333	0.9999881386756896	0.1031579120137813	-0.0367364671305869	-0.2199366095521	0.1970020681619644	2037.598	1616.2651
0.99998676776886	-0.0020399016793817	0.0047143893316388	0.002031966811046	0.9999964833259584	0.0016872922424227	-0.0047178147360682	-0.001677690539509	0.9999874234199524	0.0817967087141724	0.0250583892553755	-0.3204048238523533	0.1650832444429397	2038.656	1614.9806
0.9999881386756896	-0.0019778227433562	0.0044403290376067	0.0019658217206597	0.9999943971633912	0.0027054536622017	-0.0044456552714109	-0.0026966929435729	0.999986469745636	0.102601041381197	-0.0185898804517061	-0.2589141173981986	0.0935882031917572	2044.4978	1618.5292
0.9999837875366212	-0.0031841455493122	0.0047181127592921	0.0031775282695889	0.9999939799308776	0.0014093507779762	-0.004722571466118	-0.0013943359954282	0.9999879002571106	0.0452882711227751	-0.0290787200848559	-0.2842616161711824	0.1349563002586364	2044.844	1620.2769
0.9999879598617554	-0.0017111244378611	0.0045878090895712	0.0016979181673377	0.9999943971633912	0.0028809043578803	-0.0045927129685878	-0.0028730800841003	0.9999853372573853	0.0274414343518145	0.0105576919172314	-0.3213778154402327	0.1587509661912918	2030.001	1618.9146
0.9999899864196776	-0.0018945327028632	0.0040521896444261	0.0018829583423212	0.999994158744812	0.0028582292143255	-0.0040575810708105	-0.0028505704831331	0.9999877214431764	0.0450601770551237	-0.0746637549637867	-0.18626368289965	0.2293435633182525	2033.381	1618.1735
0.9999937415122986	-0.0014350968413054	0.003241335041821	0.0014311549020931	0.9999982714653016	0.0012181199854239	-0.0032430773135274	-0.0012134735006839	0.9999940395355223	0.0535723230311031	0.0401892011645514	-0.2789191625504585	0.1862528622150421	2004.8579	1614.5592
0.999995768070221	-0.0015114672714844	0.0024826982989907	0.0015052960952743	0.999995768070221	0.0024856822565197	-0.0024864447768777	-0.0024819346144795	0.9999938011169434	0.0659544419032602	-0.0415904331447789	-0.1821514987145356	0.1534138917922973	2017.4622	1614.4612
0.9999952912330629	-0.0012960062595084	0.0027723950333893	0.0012926704948768	0.9999984502792358	0.0012046450283378	-0.0027739517390727	-0.0012010557111352	0.9999954104423524	0.0427971812492344	0.0030755365767158	-0.2082310404872345	0.0691207647323608	2024.0905	1613.7576
0.9999960064888	-0.0007246731547638	0.0027469308115541	0.0007200057734735	0.9999983310699464	0.0016997309867292	-0.0027481578290462	-0.0016977462219074	0.9999948143959044	0.0265868385957261	-0.0169108474924337	-0.1943797063768357	0.0416935235261917	2028.2585	1615.4612
0.999996781349182	-0.0009914577240124	0.0023469082079827	0.0009879177669063	0.9999983906745912	0.0015090805245563	-0.0023484006524086	-0.0015067569911479	0.9999961256980896	0.0254621923586526	-0.0626026857069508	-0.1542026068983304	0.1033825129270553	2051.8594	1617.6577
0.9999960064888	-0.0010922353249043	0.0026050223968923	0.0010895336745306	0.9999988675117492	0.0010382962645962	-0.0026061534881591	-0.0010354537516832	0.9999960660934448	0.0284779645030255	0.0477098929175854	-0.1941162638595663	0.1439905315637588	2052.9531	1618.3496
0.9999967217445374	-0.0010220856638625	0.0023474094923585	0.001017598202452	0.999997615814209	0.0019120598444715	-0.0023493580520153	-0.0019096648320555	0.9999954104423524	0.0272279078804125	-0.0788276170478328	-0.0955948972074232	0.2059459090232849	2066.0378	1619.8574
0.9999948740005492	-0.0018727204296737	0.0026063327677547	0.0018690903671085	0.9999973177909852	0.0013945017708465	-0.002608936978504	-0.0013896231539547	0.9999956488609314	0.0246767821885924	0.0618683070191741	-0.2088512616459432	0.2487526535987854	2069.9758	1618.7521
0.9999958872795104	-0.0014788887929171	0.0024532398674637	0.001474440912716	0.9999973177909852	0.0018137993756681	-0.0024559155572205	-0.001810174784623	0.9999953508377076	0.027542383789596	-0.0764694260493987	-0.0986022109172459	0.2411435842514038	2083.1113	1620.0131
0.9999929070472716	-0.0012463877210393	0.003551818197593	0.0012393633369356	0.9999972581863404	0.0019791852682828	-0.0035542752593755	-0.0019747694022953	0.9999917149543762	-0.0149360707841577	0.0452471121362636	-0.1940973139712412	0.239577054977417	2072.676	1620.098
0.9999955296516418	-0.0012361628469079	0.0027242563664913	0.0012306164717301	0.9999971389770508	0.0020366993267089	-0.0027267665136605	-0.0020333377178758	0.9999942183494568	0.0116044800713748	-0.0416652693326073	-0.1124833248311567	0.177408218383789	2073.3997	1618.4939
0.9999968409538268	-0.0011579957790672	0.0022279829718172	0.0011569726048037	0.999999225139618	0.0004604531277436	-0.002228514291346	-0.0004578739462886	0.99999737739563	0.0304780619728148	0.0575992825445452	-0.2076901276543452	0.1635398864746093	2045.6917	1615.692
0.9999962449073792	-0.0011551500065252	0.002486458281055	0.0011509895557537	0.9999979734420776	0.001673997263424	-0.0024883868172764	-0.0016711290227249	0.9999955296516418	0.013844856704857	-0.0250074028572777	-0.1694360521578843	0.0979946106672287	2046.5924	1614.6827
0.9999974966049194	-0.0006659424980171	0.00212700269185	0.0006649964489042	0.9999996423721312	0.0004454627342056	-0.0021272986195981	-0.0004440472112037	0.999997615814209	0.0158960929399007	0.0102444676118729	-0.1800042909478136	0.0596401840448379	2055.1287	1616.9829
0.9999977946281432	-0.0005863094702363	0.002021534834057	0.0005841553211212	0.999999225139618	0.0010660545667633	-0.0020221585873514	-0.0010648714378476	0.99999737739563	0.0103176560666184	-0.0171981613867426	-0.1530636548803876	0.0466291233897209	2067.6626	1620.7593
0.9999968409538268	-0.0006634028395637	0.002427254570648	0.0006596486782655	0.9999985694885254	0.0015471598599106	-0.0024282776284962	-0.0015455537941306	0.9999958872795104	0.0231395357861643	-0.0872232863086579	-0.0906631999371079	0.1446718722581863	2071.4224	1621.2357
0.9999971985816956	-0.0005925729637965	0.0022826637141406	0.0005893917405046	0.9999988675117492	0.0013940536882728	-0.0022834874689579	-0.0013927044346928	0.9999964237213136	0.0237824109388569	0.0031121741604329	-0.1303022378531224	0.1304650455713272	2057.9646	1617.9053
0.999999225139618	-0.0004638418613467	0.0011639365693554	0.000463009433588	0.9999996423721312	0.0007153606857173	-0.0011642680037766	-0.0007148211589083	0.9999991059303284	0.0001242348281973	-0.0012216112580154	-0.0815498900545392	0.1168967932462692	2065.5876	1615.0715
0.9999996423721312	-0.0006247893325053	0.000563432695344	0.0006244667456485	0.9999996423721312	0.0005725030787289	-0.0005637901485897	-0.0005721510387957	0.9999996423721312	0.0258044157257	-0.0772129623231125	-0.0398547767870205	0.1323558241128921	2057.4182	1615.722
0.9999995827674866	-0.0006721342215314	0.0006324853748083	0.0006720926612615	0.9999997615814208	6.589997065020725e-05	-0.0006325295544229	-6.547485827468336e-05	0.9999998211860656	0.0133250984145671	0.0091586124886204	-0.091039085845491	0.1332939863204956	2081.598	1618.4133
0.9999996423721312	-0.0006799915572628	0.000426151062129	0.0006798353861086	0.999999701976776	0.0003665176045615	-0.0004264001618139	-0.0003662277886178	0.9999998211860656	0.0213040293796211	-0.0745308500580068	-0.0173486459890206	0.1519547253847122	2111.4338	1623.0662
1.0	-0.0002244699717266	0.0001897879119496	0.0002244381903437	1.0	0.0001674949016887	-0.0001898254995467	-0.0001674522936809	1.0	0.0266447048895166	-0.0056089891117667	-0.0264964619741299	0.0863624960184097	2114.709	1622.8479
1.0	-5.162527031643549e-06	0.0001812355476431	5.1256238293717615e-06	1.0	0.0002036192890955	-0.000181236595381	-0.0002036183577729	1.0	0.0255899416551379	-0.026666624107146	-0.0161879359211312	0.0328134000301361	2101.5723	1620.4346
0.9999998807907104	0.0001268082560272	0.0005418913206085	-0.0001268708874704	1.0	0.0001155325298896	-0.000541876652278	-0.0001156012585852	0.9999998807907104	-0.0101280552785336	-0.008518604351893	-0.0519774815259488	0.0761536061763763	2092.2285	1618.164
1.0	-6.161253986647353e-05	-9.504325134912506e-05	6.164115620777011e-05	0.9999999403953552	0.0003010578511748	9.502469765720888e-05	-0.0003010637010447	0.9999999403953552	0.0248899455204867	-0.022310866906531	-0.0090771752092173	0.0672707632184028	2092.9082	1617.4613
0.999999701976776	-0.0005543993320316	0.0005340533098205	0.0005546335014514	0.999999701976776	-0.0004384281346574	-0.0005338101182132	0.0004387242370285	0.9999997615814208	-0.0072503934457603	0.0276413743000896	-0.0670426088823994	0.0996996462345123	2100.7368	1617.6893
1.0	-1.7052030671038665e-05	-0.0001441566564608	1.7091899280785583e-05	0.9999999403953552	0.0002765527169685	0.0001441519270883	-0.0002765551616903	0.9999999403953552	0.0166606910418742	-0.042045174450803	0.0202705153224052	0.1457737982273101	2116.5847	1619.2788
0.9999999403953552	-0.0002941016864497	0.0001129757947637	0.0002941562852356	0.9999998211860656	-0.000483702198835	-0.0001128335206885	0.0004837354063056	0.9999998807907104	0.005381090436245	0.0361082960224674	-0.0412432565618132	0.1223860830068588	2112.2275	1619.101
1.0	-0.000158807131811	-0.0001375830033794	0.0001588334125699	1.0	0.0001910534192575	0.0001375526626361	-0.0001910752616822	1.0	0.0152330400198099	-0.0427086301075863	0.0306030358754334	0.1347368061542511	2108.837	1620.7125
0.9999998807907104	-0.0004248879558872	0.0001579102681716	0.0004249548946972	0.9999997615814208	-0.0004239139088895	-0.000157730130013	0.0004239809932187	0.9999998807907104	-0.0061645846674256	0.0552917010204603	-0.0470354887112201	0.1693130433559417	2119.4026	1621.7488
0.9999999403953552	0.0003342393320053	0.0001111966194002	-0.0003342927375342	0.9999998211860656	0.0004806236247532	-0.0001110359589802	-0.0004806607612408	0.9999998807907104	-0.0040745903267822	-0.0417487005557006	0.0400926226298992	0.1671946048736572	2134.5115	1623.4501
0.9999999403953552	-0.000274814927252	0.0001479917409596	0.0002748550032265	0.9999998807907104	-0.0002706306695472	-0.000147917351569	0.0002706713567022	0.9999999403953552	-0.0081429648747644	0.0538961074014325	-0.0338238391065282	0.1560216248035431	2130.3608	1620.5405
1.0	9.793157369131222e-05	-7.910365820862353e-05	-9.79261749307625e-05	1.0	6.823246803833172e-05	7.911033753771335e-05	-6.822471914347261e-05	1.0	-0.0234146132131378	-0.0281779882413535	0.0202463021969165	0.1428685933351516	2112.899	1619.4336
0.9999999403953552	-0.000330942828441	9.773022611625493e-05	0.0003309964959044	0.9999997615814208	-0.0005494260112755	-9.754837810760364e-05	0.0005494583747349	0.9999998211860656	-0.0146708665179779	0.0463464269339231	-0.0457581584562376	0.1318453103303909	2104.7927	1618.9196
1.0	-2.564691203588154e-05	-6.875428516650572e-05	2.5644645575084724e-05	1.0	-3.296342401881702e-05	6.875512917758897e-05	3.296165959909558e-05	1.0	-0.0184659948733045	0.0160660552328515	0.0060343495748362	0.0735136717557907	2104.7617	1620.9517
0.9999999403953552	0.0003089191450271	-0.0001017403556033	-0.0003089626552537	0.9999998211860656	-0.0004278678970877	0.0001016081587295	0.0004278993292246	0.9999998807907104	-0.0179867910565239	-0.0871612423162604	0.037296522665386	0.1492982506752014	2096.314	1622.6853
1.0	0.000102423618955	5.8773333876160905e-05	-0.000102414356661	1.0	-0.000157549540745	-5.878946831217036e-05	0.0001575435162521	1.0	-0.0333356830391728	0.0634980258021737	-0.0307765383000813	0.2359779477119445	2088.707	1621.6522
0.9999998807907104	0.0004901162465102	-0.0001078020359273	-0.0004900593194179	0.9999997615814208	0.0005272008129395	0.0001080603979062	-0.0005271479021757	0.9999998807907104	-0.0173626293233084	-0.0456669946754746	0.0549903874553372	0.1850548535585403	2079.5237	1620.9177
1.0	-0.0001201042614411	2.423901605652645e-05	0.0001201136110466	0.9999999403953552	-0.0003860826836898	-2.4192644559661854e-05	0.0003860855940729	0.9999999403953552	-0.0232667934110821	0.0566234163378078	-0.0527347235713584	0.1911031007766723	2052.5825	1616.3683
0.9999998807907104	0.0001441342901671	-0.0004504068929236	-0.0001440314954379	1.0	0.0002282377390656	0.000450439780252	-0.0002281728375237	0.9999998807907104	-0.0008974413815465	-0.0439373947490899	0.0331694726318048	0.1770000606775283	2047.4783	1615.9171
1.0	-9.081424650503322e-05	-0.0001806373038562	9.06988134374842e-05	0.9999998211860656	-0.0006389118498191	0.0001806952932383	0.0006388954352587	0.9999998211860656	-0.0196456895798444	0.0294892459678619	-0.05755712373983	0.1489542424678802	2042.9109	1614.6425
0.9999999403953552	5.0130107410950586e-05	-0.0003033263201359	-5.010078530176543e-05	1.0	9.666436380939558e-05	0.0003033311513718	-9.664916433393957e-05	0.9999999403953552	-0.0150513809239463	-0.0069910403530744	0.0068398019299209	0.083357073366642	2051.5605	1616.0642
0.9999999403953552	-0.0001468914560973	-0.0003535787109285	0.0001467149268137	0.9999998807907104	-0.0004992084577679	0.0003536519943736	0.000499156594742	0.9999998211860656	-0.0155558744755861	-0.0018582460274498	-0.0362206639718927	0.059688925743103	2056.5068	1618.1093
0.9999996423721312	0.0002479777613189	-0.0007656637462787	-0.0002477898960933	0.9999998807907104	0.0002454536734148	0.0007657245732843	-0.0002452639164403	0.9999996423721312	0.0096129360429149	-0.0237966824910733	0.0291506321501628	0.0929163768887519	2067.42	1621.431
1.0	1.1370929087206605e-06	-0.0002025096764555	-1.2461772485039546e-06	0.9999998807907104	-0.0005386633565649	0.0002025090361712	0.0005386635893955	0.9999998807907104	0.0077047350010648	0.0160454842292736	-0.0317884757977857	0.0891979858279228	2085.9285	1621.3976
0.9999999403953552	-0.0001162828775704	-0.0004046372487209	0.000116175666335	0.9999999403953552	-0.0002649880480021	0.0004046680405735	0.0002649410162121	0.9999998807907104	0.0148682425532147	0.0393223811761984	-0.0091864730392074	0.0544970482587814	2090.447	1622.8546
0.9999999403953552	-3.465743429842405e-05	-0.000271337950835	3.462883978500031e-05	1.0	-0.0001053775849868	0.0002713415888138	0.0001053681917255	0.9999999403953552	-0.0026974850427698	-0.0674674393830412	0.0221795145099541	0.1478644758462906	2085.7158	1624.476
1.0	4.1586572478991e-05	8.537270332453772e-05	-4.158625233685598e-05	1.0	-3.7602296742988975e-06	-8.537285611964762e-05	3.756679234356852e-06	1.0	-0.0126199719293484	0.0506692554434766	-0.0312716667247912	0.1793313473463058	2068.9702	1621.1733
0.9999999403953552	-4.6413919335464016e-05	-0.000394104165025	4.64406402898021e-05	1.0	6.77928765071556e-05	0.0003941010218113	-6.781117554055527e-05	0.9999999403953552	-0.0100197974048548	0.0134013635352729	0.0139803444254162	0.0894024968147277	2052.4873	1617.6561
0.9999998807907104	-4.956305929226801e-05	-0.0004972894676029	4.945525142829865e-05	1.0	-0.0002167949423892	0.0004973002360202	0.0002167703205486	0.9999998807907104	-0.0060663548751875	-0.0201050951632568	0.0003749658250704	0.0563983544707298	2038.0096	1615.0581
0.9999996423721312	4.978929791832343e-05	-0.0008769053965806	-4.9747744924388826e-05	1.0	4.740694930660538e-05	0.0008769077830947	-4.736330811283551e-05	0.9999996423721312	0.0073975518792313	0.0297500426294852	0.0155198032388064	0.0776305049657821	2035.4153	1614.9694
1.0	2.8642751203733496e-05	-0.0001698386331554	-2.873195262509398e-05	0.9999998807907104	-0.0005252294940873	0.0001698235719231	0.0005252343835309	0.9999998807907104	-0.0180168154045894	-0.0346768470783329	-0.0107651232219865	0.1157251596450805	2049.3125	1615.9137
0.9999997615814208	5.521932507690508e-06	-0.0007030726410448	-5.73544002691051e-06	0.9999999403953552	-0.0003036757407244	0.000703070894815	0.0003036796697415	0.999999701976776	-0.0154267033495116	0.0135320930812996	0.0057359705231263	0.080219954252243	2068.3704	1618.9307
0.9999996423721312	-0.0002638655132614	-0.0007351296953856	0.000263759488007	0.9999999403953552	-0.0001442846260033	0.0007351677631959	0.0001440906926291	0.999999701976776	-0.0076247270381166	-0.0452622848730932	0.0547548337339414	0.1113585084676742	2088.48	1620.8744
0.9999998211860656	-9.57037536863936e-06	-0.0006110476679168	9.327313819085248e-06	0.9999999403953552	-0.0003977796586696	0.0006110513932071	0.0003977738670073	0.9999997615814208	-0.0154643558706517	0.0471098430529637	0.0200883890639076	0.1263082474470138	2091.191	1620.7113
0.9999995231628418	1.9286537281004712e-05	-0.0009466817136853	-1.9458429960650392e-05	1.0	-0.0001815666328184	0.0009466782212257	0.0001815849827835	0.9999995231628418	-0.0016986289690077	-0.0156118874133821	0.0794852126569445	0.1210827380418777	2097.6333	1622.7452
0.999999701976776	-1.839898686739616e-05	-0.0008050232427194	1.814359347918071e-05	0.9999999403953552	-0.0003172586730215	0.0008050290052779	0.0003172439464833	0.9999996423721312	-0.002965534969423	-0.0012010829701045	0.0484148932728594	0.0436355359852314	2112.0432	1622.317
0.999999701976776	0.0001218243924085	-0.0007334186229854	-0.0001216805176227	1.0	0.0001962004316737	0.0007334424881264	-0.0001961111411219	0.999999701976776	-0.0075565243222044	0.0158306845883564	0.0664189858374655	0.0512608662247657	2119.7366	1621.9629
0.9999998211860656	0.0002099824778269	-0.0006303226109594	-0.0002103328733937	0.9999998211860656	-0.0005558762350119	0.0006302057299762	0.0005560086574405	0.9999996423721312	-0.0245919725661618	0.0010148857351741	0.0499877653985407	0.0647611543536186	2116.2827	1620.7855
0.999999463558197	0.000314905133564	-0.0009915891569107	-0.0003153712605126	0.9999998211860656	-0.0004699454002548	0.0009914410766214	0.0004702578589785	0.9999994039535522	-0.0029512958233208	0.0477894799846083	0.044482671362477	0.0711734592914581	2104.7107	1621.4141
0.9999994039535522	2.499561378499493e-05	-0.0010667387396097	-2.5038152671186253e-05	1.0	-3.986474621342495e-05	0.0010667376918718	3.9891434425953776e-05	0.9999994039535522	-0.0031873485452553	-0.0380265368160968	0.0820568462199951	0.1183167546987533	2102.718	1624.332
0.999999701976776	-4.420810910232831e-06	-0.0007697184337303	3.974104402004741e-06	0.9999998211860656	-0.0005803510430268	0.000769720878452	0.0005803478416055	0.9999995231628418	-0.0071254623802587	0.0720226692598919	-0.0001887003146734	0.1810781210660934	2112.0632	1624.11
0.9999993443489076	0.0004536677151918	-0.0010366375790908	-0.0004536351189017	0.9999998807907104	3.1695821235189214e-05	0.0010366518981754	-3.122554699075408e-05	0.999999463558197	-0.0043045957357588	-0.0131234599145417	0.1020110953661408	0.1753723323345184	2101.083	1624.6589
0.9999995827674866	0.0002394433540757	-0.000936000898946	-0.0002400908706476	0.9999997615814208	-0.0006917290738783	0.0009358350071124	0.0006919534644111	0.9999993443489076	-0.0161129216359299	0.0521838361185178	0.031561821759066	0.1231210678815841	2083.9214	1619.8104
0.9999991655349731	0.0003394100931473	-0.0012470301007851	-0.0003394887899048	0.9999999403953552	-6.289576413109899e-05	0.0012470086803659	6.331907206913456e-05	0.999999225139618	-0.0081589191667852	0.0022906790876846	0.0781233295437004	0.0820870772004127	2074.718	1617.7249
0.9999997615814208	0.0001205860899062	-0.0007060461794026	-0.0001211950948345	0.9999996423721312	-0.0008625766495242	0.0007059419294819	0.0008626619819551	0.9999994039535522	-0.0302735065787356	0.0285659720478914	0.021196733525457	0.0786150842905044	2072.7043	1616.4652
0.9999994039535522	0.0003050188533961	-0.0010122827952727	-0.0003054084663745	0.9999998807907104	-0.000384778046282	0.001012165332213	0.0003850870125461	0.9999994039535522	-0.0227271841576452	0.0256127725130066	0.0547322068429174	0.0488902479410171	2081.392	1618.577
0.999999463558197	0.0003116064472123	-0.0009497026330791	-0.0003124518261756	0.9999995231628418	-0.0008901435649022	0.0009494248079136	0.0008904399001039	0.9999991059303284	-0.0237557049980772	-0.0449691118950879	0.0607855920478286	0.0957508981227874	2089.24	1621.749
0.9999993443489076	0.0004940552753396	-0.0010095526231452	-0.00049487745855	0.9999995231628418	-0.0008143444429151	0.0010091498261317	0.0008148435736075	0.9999991059303284	-0.0260159467437954	0.028556162666014	0.0434738445223885	0.098642960190773	2098.6887	1624.5878
0.9999991655349731	0.0002295568556291	-0.0012758219381794	-0.0002303461951669	0.9999998211860656	-0.0006185821257531	0.0012756796786561	0.0006188754923641	0.9999989867210388	-0.0127613491222806	-0.0437339636725733	0.0971359547525629	0.1279593259096145	2111.3179	1626.8749
0.9999994039535522	0.0004976942436769	-0.0009483270114287	-0.0004985380801372	0.999999463558197	-0.0008897467632777	0.0009478836436755	0.0008902190602384	0.9999991059303284	-0.0211040256003833	0.0590469865392062	0.0344885094035269	0.1650490313768386	2125.0557	1624.7555
0.9999989867210388	0.0005835447227582	-0.0012820626143366	-0.0005837281350977	0.9999998211860656	-0.0001426724047632	0.0012819791445508	0.0001434206496924	0.9999991655349731	-0.0187738406835986	-0.0185149601190195	0.1175143126747251	0.1443473398685455	2113.4878	1623.7606
0.9999996423721312	0.0004195876535959	-0.0007993671461008	-0.0004201667616143	0.999999701976776	-0.0007244164589792	0.0007990629528649	0.0007247520261444	0.999999463558197	-0.0458909080394249	0.0615353199434296	0.0410870562746232	0.1513682305812835	2086.0884	1619.0668
0.999999225139618	0.0005124610615894	-0.0011216264683753	-0.0005128959892317	0.9999998211860656	-0.0003875202673953	0.0011214276310056	0.0003880952717736	0.9999992847442628	-0.0235831546109963	-0.0062197662913008	0.085293577272246	0.1141687035560607	2065.498	1618.3156
0.9999992847442628	0.0006572097190655	-0.0009858704870566	-0.0006581617635674	0.9999992847442628	-0.0009656682377681	0.0009852352086454	0.00096631643828	0.9999990463256836	-0.039372646535071	-0.0188263795876562	0.0509559466929623	0.0702972710132598	2061.964	1619.2645
0.9999991059303284	0.000985535676591	-0.0009212176664732	-0.0009866800392046	0.9999987483024596	-0.0012426584726199	0.000919991871342	0.0012435661628842	0.9999988079071044	-0.0389831231311337	0.0482950446972587	0.0147480080551218	0.1035454720258712	2072.8923	1622.3451
0.9999987483024596	0.0005862676771357	-0.0014589765341952	-0.0005874969647265	0.999999463558197	-0.0008422725950367	0.0014584820019081	0.0008431287715211	0.9999985694885254	-0.0276306816419751	-0.046675803862151	0.0974651827809474	0.1777569949626922	2079.766	1624.3342
0.999999225139618	0.0005494998767971	-0.0011074499925598	-0.0005507763125933	0.9999991655349731	-0.0011526263551786	0.0011068158783018	0.0011532354401424	0.9999987483024596	-0.0389382629974193	0.0294244395131002	0.0632218761350422	0.1058085039258003	2087.9282	1621.8909
0.9999989867210388	0.0006172737921588	-0.0012765809660777	-0.0006180129712447	0.9999996423721312	-0.0005787330446764	0.0012762232217937	0.0005795214092358	0.9999989867210388	-0.0345256858307418	-0.0057600866891229	0.0946624350344507	0.0522618368268013	2087.4724	1621.1619
0.9999990463256836	0.0005645416094921	-0.0012384031433612	-0.0005664213676936	0.9999986886978148	-0.0015180771006271	0.0012375445803627	0.0015187771059572	0.9999980926513672	-0.0376112742595999	0.0379005109044614	0.0582858836809556	0.0578680038452148	2088.86	1619.8395
0.9999988675117492	0.0005522572319023	-0.0013966335682198	-0.0005528428591787	0.9999997615814208	-0.0004189606406725	0.0013964019017294	0.0004197322996333	0.9999989867210388	-0.0241077762501333	0.0064076384745348	0.1009908524149416	0.0675458461046218	2100.6013	1623.4211
0.9999991059303284	0.0002623744367156	-0.0012827997561544	-0.0002634883276186	0.9999995827674866	-0.0008682618499733	0.0012825714657083	0.0008685991051606	0.9999988079071044	-0.0232207877944929	-0.0056488679197808	0.1053201927492608	0.0407325588166713	2094.4868	1625.2554
0.9999987483024596	0.0005887729930691	-0.001480012317188	-0.000589350820519	0.9999997615814208	-0.0003900119336321	0.0014797822805121	0.000390883651562	0.9999988675117492	-0.0154570322012848	0.0378306526323122	0.1014317636414716	0.0749793797731399	2075.6846	1625.201
0.9999985098838806	0.0007310514338314	-0.0015807894524186	-0.0007312611560337	0.9999997615814208	-0.00013210590987	0.0015806923620402	0.0001332616666331	0.9999987483024596	-0.0131091490667856	-0.0498849968037813	0.1016438604737324	0.0885908529162406	2048.4368	1621.739
0.9999991059303284	0.0006270288722589	-0.0011811190051957	-0.0006284703267738	0.9999990463256836	-0.001220483565703	0.0011803525267168	0.0012212248984724	0.9999985098838806	-0.0283420224294683	0.0605389640015241	0.0266363018031903	0.1598626673221588	2030.1022	1618.0338
0.999998152256012	0.0007896056631579	-0.0017485099378973	-0.0007903559016995	0.9999995827674866	-0.0004284110909793	0.0017481708200648	0.0004297922423575	0.9999983310699464	-0.0235434040596587	0.0112505095278789	0.0862601390193411	0.0944709628820419	2029.2141	1617.8765
0.9999994039535522	0.0006261914386413	-0.0009076301357708	-0.0006271333550103	0.9999992847442628	-0.0010378147708252	0.0009069796069525	0.0010383834596723	0.9999990463256836	-0.0507175191014699	-0.0221749773596569	0.060805546565966	0.0884080529212951	2041.0203	1618.73
0.9999986290931702	0.0009860238060355	-0.0013491184217855	-0.0009871667716652	0.9999991655349731	-0.0008468165760859	0.0013482823269441	0.0008481472032144	0.9999987483024596	-0.041079434090351	0.01344810227127	0.0726847284123302	0.0636987164616584	2052.6406	1621.1912
0.9999985098838806	0.0011021650861948	-0.0013511261204257	-0.0011030583409592	0.9999991655349731	-0.0006605019443668	0.0013503970112651	0.0006619913037866	0.9999988675117492	-0.0365065967727247	-0.0423464189674538	0.1095711304178692	0.0915196537971496	2064.4885	1621.6376
0.9999983906745912	0.0008495862712152	-0.0015689126448705	-0.0008512570057064	0.9999990463256836	-0.0010645269649103	0.0015680067008361	0.0010658607352524	0.999998152256012	-0.0320091001786071	0.055224896112703	0.0529371342415423	0.1487168073654174	2068.647	1618.7639
0.9999983906745912	0.0007925898535177	-0.0016077253967523	-0.0007936515030451	0.999999463558197	-0.0006598173058591	0.0016072015278041	0.0006610922282561	0.9999984502792358	-0.0356673980330501	-0.0167192235731632	0.103653660353725	0.116095170378685	2063.0447	1619.1168
0.9999988675117492	0.0006934067932888	-0.0013575613265857	-0.0006951936520636	0.9999988675117492	-0.0013161683455109	0.0013566472334787	0.0013171106111258	0.9999982118606568	-0.0450161334972438	0.0422169424638183	0.0396789056595316	0.1073755472898483	2078.1616	1619.5155
0.9999986886978148	0.0007167199510149	-0.001485412241891	-0.000719002680853	0.9999985694885254	-0.0015367653686553	0.0014843086246401	0.0015378311509266	0.9999977350234984	-0.0430444598245625	0.023179380357948	0.0487371060626209	0.0359633527696132	2090.0618	1621.3022
0.999998927116394	0.0003870114160235	-0.0014347259420901	-0.0003881208249367	0.9999996423721312	-0.0007730512297712	0.0014344261726364	0.0007736071711406	0.9999986886978148	-0.0464614022847289	-0.0463711952702232	0.1274981728933824	0.1354863047599792	2105.5732	1624.9156
0.9999987483024596	0.00063666672213	-0.0014815183822065	-0.0006381457205861	0.9999993443489076	-0.0009980477625504	0.0014808819396421	0.0009989918908104	0.9999984502792358	-0.0451887870993772	0.0399720300165293	0.0878441118094173	0.1259829849004745	2114.6814	1623.5895
0.999998152256012	0.0011694189161062	-0.0015606425004079	-0.0011709245154634	0.9999988675117492	-0.0009641457581892	0.0015595132717862	0.0009659712668508	0.9999983310699464	-0.0390396606441498	-0.0445021767061488	0.1205818459794514	0.1232552900910377	2103.8037	1623.1592
0.9999989867210388	0.0007114362088032	-0.0012688983697444	-0.0007131430902518	0.9999988675117492	-0.0013451953418552	0.0012679399223998	0.0013460988411679	0.9999983310699464	-0.0506151230050928	0.0059750326754421	0.1021453738094422	0.0639700293540954	2107.5427	1623.3151
0.9999985098838806	0.000855075137224	-0.0015245788963511	-0.0008562741568312	0.9999993443489076	-0.0007859910838305	0.0015239057829603	0.000787295284681	0.9999985694885254	-0.0458201811075991	0.0020060205937717	0.1284049155931761	0.0417785793542861	2109.2886	1624.7777
0.9999986290931702	0.0009840411366894	-0.0013502078363671	-0.0009860297432169	0.9999984502792358	-0.0014729752438142	0.0013487563701346	0.0014743044739589	0.9999980330467224	-0.0534867359947366	-0.0263267685932468	0.1221742818542992	0.0622927770018577	2103.904	1625.1145
0.9999982118606568	0.0007043730001896	-0.0017698145238682	-0.0007058270275592	0.9999994039535522	-0.0008210857049562	0.0017692351248115	0.0008223333861678	0.9999980926513672	-0.038749246026267	0.0385261938670917	0.1190658173630119	0.1038010343909263	2099.33	1624.4364
0.9999985694885254	0.0006641357322223	-0.0015550241805613	-0.0006657738122157	0.999999225139618	-0.0010531666921451	0.0015543235931545	0.0010542004602029	0.9999982714653016	-0.0401615371921266	-0.0458350260022495	0.1475848257620313	0.1259450316429138	2084.8535	1626.4244
0.9999986886978148	0.0002399101649643	-0.0016277597751468	-0.0002415521303191	0.999999463558197	-0.0010086048860102	0.0016275169327855	0.0010089966235682	0.999998152256012	-0.048186671159339	0.0480170131751465	0.0710411920645128	0.1808185130357742	2071.663	1625.9484
0.9999977350234984	0.0011164249153807	-0.0018195752054452	-0.0011168116470798	0.9999994039535522	-0.0002115758979925	0.001819337834604	0.0002136075345333	0.9999983310699464	-0.0376125980932382	-0.0235601488251422	0.1362811852776246	0.1249621659517288	2059.3533	1624.9559
0.9999987483024596	0.0009638688643462	-0.0012296499917283	-0.0009648866252973	0.9999991655349731	-0.0008273521088995	0.0012288514990359	0.0008285376243293	0.9999988675117492	-0.0617779450271758	-0.0030232761272541	0.0979238081207007	0.0575364977121353	2044.498	1621.935
0.9999985098838806	0.0010415707947686	-0.0013875478180125	-0.00104244670365	0.9999992847442628	-0.0006306738359853	0.0013868898386135	0.0006321193068288	0.9999988675117492	-0.0559853908985061	0.0553696179423184	0.1073930324671579	0.0752904564142227	2037.2849	1619.4496
0.9999979138374328	0.0012215350288897	-0.0016107822302728	-0.0012222373625263	0.9999991059303284	-0.0004351253446657	0.0016102493973448	0.0004370932583697	0.9999985694885254	-0.051929588751383	-0.0288825462079191	0.1648163977001431	0.1388739645481109	2027.9985	1619.206
0.9999985098838806	0.0007781831664033	-0.0015270443400368	-0.0007802980253472	0.9999987483024596	-0.00138484116178	0.0015259647043421	0.0013860306935384	0.999997854232788	-0.0524196093140343	0.0767109427637589	0.065592621671378	0.1827214658260345	2038.7876	1619.0929
0.9999977946281432	0.0009537009755149	-0.0018444445449858	-0.0009546605288051	0.9999994039535522	-0.0005194319528527	0.0018439481500536	0.0005211916286498	0.999998152256012	-0.047306208367754	-0.0322106229654663	0.1440965693617109	0.1665837168693542	2049.7725	1623.3597
0.9999988675117492	0.0007426798110827	-0.001299608265981	-0.0007440860499627	0.9999991059303284	-0.0010818681912496	0.0012988036032766	0.0010828340891748	0.9999985694885254	-0.0610445358887172	0.0358787184093252	0.0913015838125055	0.1111003011465072	2068.9736	1622.6602
0.9999986290931702	0.0008293941500596	-0.0014303018106147	-0.0008304283837787	0.9999994039535522	-0.0007226649322547	0.0014297015732154	0.000723851728253	0.9999987483024596	-0.0693167736935347	0.0174874787257364	0.1145407717489561	0.0419861525297164	2058.6746	1622.8416
0.9999983906745912	0.0008424299885518	-0.0015794242499396	-0.0008438518852926	0.999999225139618	-0.000899814069271	0.0015786649892106	0.0009011454530991	0.9999983310699464	-0.0533532885915963	-0.0444866750887258	0.1330704467367987	0.0967161878943443	2048.0576	1622.543
0.9999991059303284	0.0007565739797428	-0.0011188457719981	-0.0007573827169835	0.999999463558197	-0.000722577504348	0.0011182986199855	0.0007234241929836	0.9999991655349731	-0.0681083296052449	-0.0041223742540883	0.1125247967279285	0.071320965886116	2071.5823	1622.5233
0.9999974370002748	0.0008640234009362	-0.0020891027525067	-0.0008646649657748	0.9999995827674866	-0.0003062355390284	0.0020888370927423	0.0003080411406699	0.9999977350234984	-0.036545999317985	0.0111936304074347	0.1540342443907079	0.0795460641384124	2075.22	1621.8441
0.9999980926513672	0.0007466446841135	-0.0017827085684984	-0.0007479733321815	0.9999994039535522	-0.000744754448533	0.0017821515211835	0.000746086530853	0.9999980926513672	-0.0500560419315885	-0.0523175274015725	0.1505651186627439	0.0926269590854644	2062.9258	1621.6084
0.9999977350234984	0.0006945228669792	-0.0020093738567084	-0.00069639965659	0.9999993443489076	-0.0009334637434221	0.0020087240263819	0.0009348610183224	0.9999975562095642	-0.0446917260365609	0.0515208378144129	0.1088918541908015	0.1454500406980514	2075.0737	1623.2764
0.9999975562095642	0.0008656959398649	-0.0020543891005218	-0.0008664559572935	0.9999995827674866	-0.0003690882003866	0.0020540684927254	0.0003708673175424	0.999997854232788	-0.045765142967646	-0.0163759559467604	0.1799609063043696	0.1250560879707336	2091.264	1628.4341
0.9999982714653016	0.0007167310686782	-0.0017250917153432	-0.0007184112910181	0.9999992847442628	-0.0009735600906424	0.0017243926413357	0.0009747977019287	0.9999980330467224	-0.0587072462521174	0.0689368997829733	0.0959065693219543	0.1564708650112152	2107.705	1625.9786
0.999997079372406	0.0011469413293525	-0.0021168207749724	-0.0011480333050712	0.999999225139618	-0.0005147297633811	0.0021162286866456	0.0005171584780327	0.999997615814209	-0.0565961541760202	-0.0231292714985258	0.1796107881456734	0.1690786778926849	2094.8074	1624.8081
0.9999988079071044	0.0004361390892881	-0.0014635946135967	-0.0004375518183223	0.9999994039535522	-0.0009650702122598	0.0014631728408858	0.0009657095069997	0.9999984502792358	-0.083914141981209	0.0544225479798079	0.1106666573116896	0.1444724947214126	2085.0388	1621.3104
0.9999980330467224	0.0011465752031654	-0.0016376972198486	-0.0011474026832729	0.999999225139618	-0.0005044296849519	0.0016371174715459	0.0005063077551312	0.9999985694885254	-0.0742798637426247	-0.0105047911632598	0.1886073741042402	0.1386013627052307	2075.8794	1623.0446
0.9999980926513672	0.0007966086850501	-0.0017804604722186	-0.0007982477545738	0.9999992847442628	-0.0009200847125612	0.0017797262407839	0.0009215042227879	0.9999979734420776	-0.0726752930496381	0.0269293120029217	0.1372181192822026	0.0827870666980743	2083.2793	1621.6863
0.9999986290931702	0.0010349927470088	-0.0013076507020741	-0.0010353415273129	0.9999994039535522	-0.0002659707388374	0.0013073745649307	0.0002673242415767	0.9999991059303284	-0.0812300694261658	0.0209805788115686	0.1724742135609851	0.0614928752183914	2087.6038	1623.4526
0.9999966621398926	0.0013455493608489	-0.0021995529532432	-0.0013474578736349	0.9999987483024596	-0.0008664624765515	0.0021983843762427	0.0008694234420545	0.9999971985816956	-0.0595922392164194	-0.0100850247306794	0.1369204272228614	0.1013432517647743	2088.5564	1623.105
0.999997079372406	0.0011891688918694	-0.0020942937117069	-0.0011901248944923	0.9999991655349731	-0.0004553343169391	0.0020937505178153	0.0004578254884108	0.9999976754188538	-0.0551284448991253	-0.0001281568906246	0.1830057058350185	0.0718075111508369	2079.083	1625.5643
0.9999977946281432	0.0009984179632738	-0.0018594090361148	-0.0010001910850405	0.9999990463256836	-0.0009529226808808	0.0018584557110443	0.0009547803201712	0.9999977946281432	-0.0563537111980458	-0.0042939463189246	0.1499549689820618	0.0542942844331264	2090.8752	1624.8314
0.9999971389770508	0.0012589317047968	-0.0020378411281853	-0.001259485958144	0.9999991655349731	-0.000270704855211	0.0020374984014779	0.0002732707071118	0.999997854232788	-0.0636442612512429	0.0048372274565542	0.1978975184671014	0.0842205435037612	2093.8425	1624.9403
0.9999980926513672	0.0003771323245018	-0.0019205055432394	-0.0003792456409428	0.9999993443489076	-0.0011001549428328	0.0019200893584638	0.0011008811416104	0.9999975562095642	-0.0661769561150826	0.05767280662445	0.1312277363028364	0.1082639768719673	2105.6057	1621.45
0.9999970197677612	0.0005988186458125	-0.0023571583442389	-0.0006017925334163	0.9999990463256836	-0.0012611486017704	0.0023564009461551	0.0012625633971765	0.9999964237213136	-0.0436743555868162	0.0386590074689294	0.1807555529501421	0.081756055355072	2090.4749	1623.4772
0.9999980926513672	0.0005829975125379	-0.0018749707378447	-0.0005852090544067	0.9999991059303284	-0.0011791503056883	0.0018742815591394	0.0011802453082054	0.9999975562095642	-0.0710206727675526	-0.03663258659709	0.1773858367499876	0.0970775112509727	2088.2288	1627.6492
