label_value	roi_id	name	network	x	y	z
1	1	7Networks_LH_Vis_1	Vis	-25.748110831234257	-32.617128463476064	-17.38287153652393
2	2	7Networks_LH_Vis_2	Vis	-25.481288076588346	-76.59181897302003	-13.514360313315926
3	3	7Networks_LH_Vis_3	Vis	-16.443505807814148	-60.95459345300951	-6.741288278775073
4	4	7Networks_LH_Vis_4	Vis	-27.13081761006289	-94.49056603773585	-4.744654088050311
5	5	7Networks_LH_Vis_5	Vis	-5.422832980972515	-92.13319238900634	-2.570824524312897
6	6	7Networks_LH_Vis_6	Vis	-12.099221789883272	-65.37937743190662	6.105058365758751
7	7	7Networks_LH_Vis_7	Vis	-47.049840933191945	-70.84411452810181	10.50265111346765
8	8	7Networks_LH_Vis_8	Vis	-25.74545454545455	-88.01497326203209	20.49732620320856
9	9	7Networks_LH_Vis_9	Vis	-7.196675900277015	-81.46999076638966	25.94459833795014
10	10	7Networks_LH_SomMot_1	SomMot	-53.15614617940199	-22.393355481727568	7.929568106312288
11	11	7Networks_LH_SomMot_2	SomMot	-37.237735849056605	-21.200000000000003	15.501886792452837
12	12	7Networks_LH_SomMot_3	SomMot	-54.47671232876712	-11.335159817351595	13.60730593607306
13	13	7Networks_LH_SomMot_4	SomMot	-54.59639639639639	-8.248648648648654	33.44864864864864
14	14	7Networks_LH_SomMot_5	SomMot	-39.27590090090089	-23.19369369369369	58.92567567567568
15	15	7Networks_LH_SomMot_6	SomMot	-10.79663865546219	-26.320168067226888	63.50756302521009
16	16	7Networks_LH_DorsAttn_Post_1	DorsAttn	-46.6181052631579	-56.80842105263157	-12.533052631578949
17	17	7Networks_LH_DorsAttn_Post_2	DorsAttn	-57.48970251716247	-24.997711670480555	38.508009153318085
18	18	7Networks_LH_DorsAttn_Post_3	DorsAttn	-25.0835734870317	-68.0657060518732	48.1314121037464
19	19	7Networks_LH_DorsAttn_Post_4	DorsAttn	-41.692870201096895	-34.438756855575875	48.018281535649
20	20	7Networks_LH_DorsAttn_Post_5	DorsAttn	-5.804938271604939	-59.81975308641975	56.42962962962963
21	21	7Networks_LH_DorsAttn_Post_6	DorsAttn	-22.317327766179545	-50.49895615866389	66.13569937369519
22	22	7Networks_LH_DorsAttn_PrCv_1	DorsAttn	-48.051948051948045	6.02251082251081	27.743722943722943
23	23	7Networks_LH_DorsAttn_FEF_1	DorsAttn	-27.07611241217799	-2.878220140515225	58.889929742388745
24	24	7Networks_LH_SalVentAttn_ParOper_1	SalVentAttn	-58.620945319740514	-37.70713623725672	30.15384615384616
25	25	7Networks_LH_SalVentAttn_FrOperIns_1	SalVentAttn	-41.60414703110274	-1.5852968897266777	-6.6107445805843525
26	26	7Networks_LH_SalVentAttn_FrOperIns_2	SalVentAttn	-38.086330935251794	12.105515587529965	6.441247002398086
27	27	7Networks_LH_SalVentAttn_PFCl_1	SalVentAttn	-29.603174603174608	43.54232804232805	29.755291005291
28	28	7Networks_LH_SalVentAttn_Med_1	SalVentAttn	-5.113207547169807	19.571069182389948	33.60125786163522
29	29	7Networks_LH_SalVentAttn_Med_2	SalVentAttn	-10.631419939577045	-34.38670694864048	45.879154078549846
30	30	7Networks_LH_SalVentAttn_Med_3	SalVentAttn	-6.131212723658052	3.22266401590457	61.45526838966202
31	31	7Networks_LH_Limbic_OFC_1	Limbic	-13.649649649649646	32.43343343343344	-19.884884884884883
32	32	7Networks_LH_Limbic_TempPole_1	Limbic	-33.423062090242965	0.9541072117238656	-34.814500578480526
33	33	7Networks_LH_Limbic_TempPole_2	Limbic	-56.6658878504673	-32.24649532710281	-21.154205607476637
34	34	7Networks_LH_Cont_Par_1	Cont	-37.492181682799696	-53.96276991809383	46.36187639612807
35	35	7Networks_LH_Cont_PFCl_1	Cont	-43.08970438328237	32.61162079510703	20.21100917431193
36	36	7Networks_LH_Cont_pCun_1	Cont	-9.563636363636364	-73.09454545454545	37.490909090909085
37	37	7Networks_LH_Cont_Cing_1	Cont	-3.7438794726930382	-26.25612052730696	32.55367231638418
38	38	7Networks_LH_Default_Temp_1	Default	-55.19617224880383	-3.414354066985652	-20.338755980861244
39	39	7Networks_LH_Default_Temp_2	Default	-57.90449954086319	-31.77961432506888	-1.5151515151515156
40	40	7Networks_LH_Default_Par_1	Default	-57.17633928571428	-50.05357142857143	11.68080357142857
41	41	7Networks_LH_Default_Par_2	Default	-47.2520908004779	-63.26403823178017	35.58661887694146
42	42	7Networks_LH_Default_PFC_1	Default	-34.75599435825106	21.732016925246825	-11.001410437235542
43	43	7Networks_LH_Default_PFC_2	Default	-46.232418952618445	33.46234413965087	-1.7137157107231928
44	44	7Networks_LH_Default_PFC_3	Default	-5.864306784660769	46.52035398230089	-0.8814159292035413
45	45	7Networks_LH_Default_PFC_4	Default	-23.02116741500963	59.93329057087877	-1.4060295060936454
46	46	7Networks_LH_Default_PFC_5	Default	-9.915090698571971	44.53415669625628	39.61404862987264
47	47	7Networks_LH_Default_PFC_6	Default	-40.95614973262033	14.419251336898384	47.86310160427807
48	48	7Networks_LH_Default_PFC_7	Default	-25.094117647058823	20.360000000000014	51.400000000000006
49	49	7Networks_LH_Default_pCunPCC_1	Default	-11.372972972972974	-55.80540540540541	13.009009009009006
50	50	7Networks_LH_Default_pCunPCC_2	Default	-5.774904942965776	-53.03117870722433	32.911026615969575
51	51	7Networks_RH_Vis_1	Vis	31.65171102661597	-30.672243346007605	-21.400760456273765
52	52	7Networks_RH_Vis_2	Vis	27.08124618204032	-65.1264508246793	-11.679902260232131
53	53	7Networks_RH_Vis_3	Vis	49.32854406130268	-60.02586206896552	-10.963601532567049
54	54	7Networks_RH_Vis_4	Vis	22.46948356807512	-93.82785602503913	-3.651538862806461
55	55	7Networks_RH_Vis_5	Vis	8.011560693641613	-76.20313790255986	4.578034682080926
56	56	7Networks_RH_Vis_6	Vis	16.615730337078645	-57.88913857677903	6.2172284644194775
57	57	7Networks_RH_Vis_7	Vis	36.30736842105263	-81.59859649122808	16.906666666666666
58	58	7Networks_RH_Vis_8	Vis	13.1354663036079	-86.10891763104152	28.781484002722934
59	59	7Networks_RH_SomMot_1	SomMot	53.18176216882317	-15.69439309919902	6.0394331484904455
60	60	7Networks_RH_SomMot_2	SomMot	40.65391304347826	-15.450434782608696	14.94956521739131
61	61	7Networks_RH_SomMot_3	SomMot	56.68895348837209	-4.107558139534888	11.57848837209302
62	62	7Networks_RH_SomMot_4	SomMot	57.48322981366459	-5.16770186335404	30.56149068322982
63	63	7Networks_RH_SomMot_5	SomMot	46.382198952879584	-10.6544502617801	48.06282722513089
64	64	7Networks_RH_SomMot_6	SomMot	41.139886578449904	-21.576559546313803	59.58790170132326
65	65	7Networks_RH_SomMot_7	SomMot	30.288164665523155	-37.499142367066895	63.73241852487135
66	66	7Networks_RH_SomMot_8	SomMot	11.336658354114718	-24.03990024937656	65.31870324189526
67	67	7Networks_RH_DorsAttn_Post_1	DorsAttn	50.84341859014348	-62.88459139114161	15.715533374922018
68	68	7Networks_RH_DorsAttn_Post_2	DorsAttn	49.582836710369484	-23.773539928486286	41.959475566150175
69	69	7Networks_RH_DorsAttn_Post_3	DorsAttn	39.27427597955707	-45.15843270868824	49.14310051107326
70	70	7Networks_RH_DorsAttn_Post_4	DorsAttn	26.52239611440907	-66.78143550998381	50.19967620075553
71	71	7Networks_RH_DorsAttn_Post_5	DorsAttn	14.607385079125848	-52.51092690278824	65.65636774679729
72	72	7Networks_RH_DorsAttn_PrCv_1	DorsAttn	48.83821656050955	9.892993630573244	27.169426751592358
73	73	7Networks_RH_DorsAttn_FEF_1	DorsAttn	28.153191489361703	-2.431205673758868	58.89503546099292
74	74	7Networks_RH_SalVentAttn_TempOccPar_1	SalVentAttn	58.0324449594438	-42.115874855156434	13.323290845886447
75	75	7Networks_RH_SalVentAttn_TempOccPar_2	SalVentAttn	60.25	-25.57518796992481	27.90601503759399
76	76	7Networks_RH_SalVentAttn_FrOperIns_1	SalVentAttn	40.417125382263	7.982874617736996	0.6691131498470924
77	77	7Networks_RH_SalVentAttn_Med_1	SalVentAttn	10.677462887989208	-30.20782726045884	45.35762483130904
78	78	7Networks_RH_SalVentAttn_Med_2	SalVentAttn	7.913333333333327	5.74666666666667	52.528000000000006
79	79	7Networks_RH_Limbic_OFC_1	Limbic	12.783619817997971	36.54196157735086	-19.49747219413549
80	80	7Networks_RH_Limbic_TempPole_1	Limbic	38.36159222120936	-0.2698268003646262	-35.33515648738985
81	81	7Networks_RH_Cont_Par_1	Cont	57.81273408239701	-38.64669163545568	43.17353308364544
82	82	7Networks_RH_Cont_Par_2	Cont	45.203007518796994	-62.46804511278196	45.866541353383454
83	83	7Networks_RH_Cont_PFCl_1	Cont	29.86899563318777	57.09170305676855	-2.611353711790386
84	84	7Networks_RH_Cont_PFCl_2	Cont	45.27598566308244	38.73835125448028	14.97060931899641
85	85	7Networks_RH_Cont_PFCl_3	Cont	31.59056316590563	45.50684931506851	29.15981735159818
86	86	7Networks_RH_Cont_PFCl_4	Cont	43.23456790123457	16.54183813443072	45.12071330589849
87	87	7Networks_RH_Cont_Cing_1	Cont	5.071428571428569	-27.09863945578232	32.81972789115646
88	88	7Networks_RH_Cont_PFCmp_1	Cont	6.3427647534357305	26.683912691996767	31.53112368633792
89	89	7Networks_RH_Cont_pCun_1	Cont	10.129803586678053	-64.63193851409052	42.215200683176775
90	90	7Networks_RH_Default_Par_1	Default	54.735721200387225	-50.731848983543074	30.56921587608906
91	91	7Networks_RH_Default_Temp_1	Default	61.49973614775726	-23.39208443271768	-17.939841688654354
92	92	7Networks_RH_Default_Temp_2	Default	50.81949458483754	6.402527075812287	-17.18953068592058
93	93	7Networks_RH_Default_Temp_3	Default	57.32118451025057	-26.235383447228543	-2.3143507972665134
94	94	7Networks_RH_Default_PFCv_1	Default	35.212636695018226	26.82867557715673	-13.737545565006071
95	95	7Networks_RH_Default_PFCv_2	Default	50.88252148997135	28.038204393505254	-0.0152817574021071
96	96	7Networks_RH_Default_PFCdPFCm_1	Default	6.777898158179852	48.23510292524378	0.621885157096429
97	97	7Networks_RH_Default_PFCdPFCm_2	Default	11.8234495246718	45.89678587596197	39.92394748755093
98	98	7Networks_RH_Default_PFCdPFCm_3	Default	26.086746987951805	24.163855421686748	49.41847389558232
99	99	7Networks_RH_Default_pCunPCC_1	Default	12.71370967741936	-54.1008064516129	14.612903225806448
100	100	7Networks_RH_Default_pCunPCC_2	Default	7.072039072039075	-52.58363858363859	30.22222222222223
